a1,a2,b1,b2,a_rating,commonness,definiteness,domain,difficulty
tired,sleep,thirsty,drink,5.0,Common,Definite,Intra-domain,easy
tired,sleep,sad,cry,4.7,Common,Definite,Intra-domain,easy
tired,sleep,hungry,eat,4.6,Common,Indefinite,Intra-domain,easy
tired,sleep,fresh,work,3.6,Common,Indefinite,Intra-domain,easy
tired,sleep,lazy,couch,3.0,Common,Indefinite,Intra-domain,easy
tired,sleep,bored,read,2.6,Common,Indefinite,Intra-domain,easy
tired,sleep,happy,sit,1.2,Common,Indefinite,Intra-domain,easy
lifejacket,boat,belt,car,5.0,Common,Definite,Intra-domain,medium
lifejacket,boat,seatbelt,airplane,5.0,Common,Indefinite,Intra-domain,medium
lifejacket,boat,airbag,car,4.6,Common,Indefinite,Intra-domain,medium
lifejacket,boat,parachute,airplane,4.5,Common,Definite,Intra-domain,medium
lifejacket,boat,helmet,bike,3.0,Common,Indefinite,Intra-domain,medium
lifejacket,boat,jacket,rocket,2.0,Common,Indefinite,Cross-domain,medium
lifejacket,boat,cap,cruise,1.2,Common,Indefinite,Cross-domain,medium
ovaries,estrogen,pancreas,insulin,5.0,Unc,Indefinite,Intra-domain,advanced
ovaries,estrogen,testes,testosterone,4.8,Unc,Definite,Intra-domain,advanced
ovaries,estrogen,salivary,saliva,4.8,Unc,Definite,Intra-domain,advanced
ovaries,estrogen,sebacious,sebum,3.0,Unc,Definite,Intra-domain,advanced
ovaries,estrogen,sweat,estrogen,2.6,Unc,Indefinite,Cross-domain,advanced
ovaries,estrogen,pituitory,sperm,1.0,Unc,Definite,Intra-domain,advanced
apollo,music,ares,war,5.0,Unc,Definite,Intra-domain,advanced
apollo,music,poseidon,water,4.4,Unc,Definite,Intra-domain,advanced
apollo,music,athena,intelligence,4.0,Unc,Definite,Intra-domain,advanced
apollo,music,hades,hell,3.8,Common,Definite,Intra-domain,advanced
apollo,music,artemis,children,2.0,Unc,Definite,Intra-domain,advanced
apollo,music,hera,travel,1.0,Unc,Indefinite,Intra-domain,advanced
bloodline,mystery,mahabharat,mythology,5.0,Unc,Definite,Intra-domain,advanced
bloodline,mystery,hobbit,fantasy,4.4,Unc,Definite,Intra-domain,advanced
bloodline,mystery,hobbit,romance,3.6,Unc,Indefinite,Intra-domain,advanced
bloodline,mystery,eragon,fantasy,3.3,Unc,Indefinite,Intra-domain,advanced
bloodline,mystery,alchemist,history,2.8,Common,Definite,Cross-domain,advanced
bloodline,mystery,twilight,biography,1.0,Common,Indefinite,Intra-domain,advanced
antony,cleopatra,othello,desdemona,5.0,Unc,Definite,Intra-domain,advanced
antony,cleopatra,oberon,titania,5.0,Unc,Definite,Intra-domain,advanced
antony,cleopatra,hamlet,ophelia,4.8,Common,Definite,Intra-domain,advanced
antony,cleopatra,romeo,juliet,4.5,Common,Definite,Intra-domain,advanced
antony,cleopatra,macbeth,banquo,3.2,Common,Definite,Intra-domain,advanced
antony,cleopatra,shakespeare,juliet,1.5,Common,Definite,Cross-domain,advanced
red,green,yellow,violet,5.0,Common,Definite,Intra-domain,advanced
red,green,blue,orange,4.8,Common,Indefinite,Intra-domain,advanced
red,green,black,white,4.4,Common,Indefinite,Intra-domain,advanced
red,green,purple,brown,3.2,Common,Indefinite,Intra-domain,advanced
red,green,pink,grey,1.0,Common,Indefinite,Intra-domain,advanced
chlorophyll,green,lycopene,red,5.0,Unc,Definite,Intra-domain,advanced
chlorophyll,green,beta-carotene,orange,5.0,Unc,Definite,Intra-domain,advanced
chlorophyll,green,lutein,yellow,4.57,Unc,Definite,Intra-domain,advanced
chlorophyll,green,anthocyanin,purple,4.4,Unc,Definite,Intra-domain,advanced
chlorophyll,green,melanin,blue,2.0,Unc,Definite,Intra-domain,advanced
chlorophyll,green,betalains,black,1.0,Unc,Definite,Intra-domain,advanced
volta,battery,galileo,telescope,5.0,Unc,Definite,Intra-domain,hard
volta,battery,edison,bulb,5.0,Common,Definite,Intra-domain,hard
volta,battery,baird,television,4.8,Unc,Definite,Intra-domain,hard
volta,battery,goodyear,rubber,4.6,Common,Definite,Cross-domain,hard
volta,battery,einstein,tube,3.4,Unc,Definite,Intra-domain,hard
volta,battery,newton,fan,2.0,Unc,Definite,Intra-domain,hard
volta,battery,raman,rain,1.2,Unc,Indefinite,Cross-domain,hard
einstein,relativity,newton,gravity,5.0,Common,Definite,Intra-domain,hard
einstein,relativity,dalton,atom,4.8,Unc,Definite,Intra-domain,hard
einstein,relativity,bohr,electron,4.55,Unc,Definite,Intra-domain,hard
einstein,relativity,darwin,evolution,4.0,Unc,Definite,Intra-domain,hard
einstein,relativity,edison,tubelight,2.0,Unc,Definite,Intra-domain,hard
einstein,relativity,volta,voltage,1.0,Common,Definite,Intra-domain,hard
head,helmet,gun,latch,5.0,Common,Indefinite,Cross-domain,medium
head,helmet,disease,vaccine,5.0,Common,Indefinite,Cross-domain,medium
head,helmet,suitcase,lock,4.6,Common,Indefinite,Intra-domain,medium
head,helmet,account,password,4.2,Common,Definite,Cross-domain,medium
head,helmet,door,bolt,4.0,Common,Definite,Cross-domain,medium
head,helmet,bottle,cap,3.0,Common,Definite,Intra-domain,medium
head,helmet,pen,box,1.2,Common,Indefinite,Cross-domain,medium
flowers,vase,ashes,urn,5.0,Common,Definite,Intra-domain,medium
flowers,vase,medicine,vial,4.8,Common,Indefinite,Cross-domain,medium
flowers,vase,water,bottle,4.6,Common,Definite,Intra-domain,medium
flowers,vase,jam,jar,4.4,Common,Definite,Cross-domain,medium
flowers,vase,bodies,morgue,4.2,Common,Definite,Intra-domain,medium
flowers,vase,tea,bag,2.0,Common,Definite,Cross-domain,medium
flowers,vase,spoon,hanger,1.0,Common,Indefinite,Cross-domain,medium
leg,crutch,canvas,easel,5.0,Common,Definite,Intra-domain,medium
leg,crutch,camera,tripod,4.4,Common,Indefinite,Cross-domain,medium
leg,crutch,sail,mast,4.0,Common,Indefinite,Cross-domain,medium
leg,crutch,bulb,lamp,3.2,Common,Indefinite,Cross-domain,medium
leg,crutch,clothes,clothespin,3.0,Common,Indefinite,Cross-domain,medium
leg,crutch,plate,cover,1.0,Common,Indefinite,Cross-domain,medium
stairs,ladder,tanker,bottle,5.0,Common,Indefinite,Cross-domain,medium
stairs,ladder,shovel,spoon,4.6,Common,Indefinite,Cross-domain,medium
stairs,ladder,barrel,bottle,3.8,Common,Indefinite,Cross-domain,medium
stairs,ladder,sea,lake,3.2,Common,Indefinite,Cross-domain,medium
stairs,ladder,sky,ceiling,3.0,Common,Indefinite,Cross-domain,medium
stairs,ladder,mountain,hill,2.8,Common,Indefinite,Cross-domain,medium
stairs,ladder,pipe,pistol,1.0,Common,Indefinite,Cross-domain,medium
dim,light,fade,colour,5.0,Common,Definite,Intra-domain,medium
dim,light,decline,health,4.8,Common,Indefinite,Cross-domain,medium
dim,light,debit,balance,4.6,Common,Definite,Cross-domain,medium
dim,light,melt,density,3.0,Common,Indefinite,Cross-domain,medium
dim,light,decrease,pressure,3.0,Common,Indefinite,Intra-domain,medium
dim,light,elongate,heat,1.8,Common,Definite,Cross-domain,medium
dim,light,darken,odor,1.0,Common,Definite,Cross-domain,medium
window,curtain,face,veil,5.0,Common,Indefinite,Cross-domain,medium
window,curtain,body,clothes,4.8,Common,Definite,Cross-domain,medium
window,curtain,head,hood,4.0,Common,Indefinite,Cross-domain,medium
window,curtain,bed,sheet,3.0,Common,Definite,Cross-domain,medium
window,curtain,pillow,pillowcase,3.0,Common,Definite,Cross-domain,medium
window,curtain,bottle,cover,1.8,Common,Indefinite,Cross-domain,medium
mobile,battery,body,heart,5.0,Common,Indefinite,Cross-domain,advanced
mobile,battery,automobile,engine,4.8,Common,Definite,Cross-domain,advanced
mobile,battery,computer,cpu,4.0,Common,Definite,Intra-domain,advanced
mobile,battery,atom,nucleus,3.2,Common,Indefinite,Cross-domain,advanced
mobile,battery,door,handle,3.0,Common,Indefinite,Cross-domain,advanced
mobile,battery,bone,marrow,2.0,Common,Definite,Cross-domain,advanced
mobile,battery,cloth,bottle,1.0,Common,Indefinite,Cross-domain,advanced
mosquito,repellant,pimple,cream,5.0,Common,Indefinite,Cross-domain,hard
mosquito,repellant,hunger,food,4.8,Common,Definite,Cross-domain,hard
mosquito,repellant,fire,water,4.2,Common,Indefinite,Cross-domain,hard
mosquito,repellant,disease,medicine,4.0,Common,Definite,Cross-domain,hard
mosquito,repellant,thirst,water,4.0,Common,Definite,Cross-domain,hard
mosquito,repellant,itch,scratch,3.8,Common,Indefinite,Cross-domain,hard
mosquito,repellant,pain,massage,2.6,Common,Indefinite,Cross-domain,hard
mosquito,repellant,fall,laugh,2.0,Common,Indefinite,Cross-domain,hard
mosquito,repellant,nails,ice,1.0,Common,Indefinite,Cross-domain,hard
cloth,detergent,hand,soap,5.0,Common,Definite,Intra-domain,hard
cloth,detergent,hair,shampoo,4.8,Common,Definite,Intra-domain,hard
cloth,detergent,carpet,vaccum,4.5,Common,Definite,Intra-domain,hard
cloth,detergent,wound,disinfectant,4.0,Common,Indefinite,Cross-domain,hard
cloth,detergent,blackboard,duster,3.5,Common,Indefinite,Cross-domain,hard
cloth,detergent,floor,mop,2.0,Common,Indefinite,Intra-domain,hard
cloth,detergent,vessel,scent,1.2,Common,Indefinite,Intra-domain,hard
wall,room,equator,hemisphere,5.0,Common,Definite,Cross-domain,advanced
wall,room,fence,garden,4.8,Common,Indefinite,Intra-domain,advanced
wall,room,bank,river,4.0,Common,Definite,Intra-domain,advanced
wall,room,crust,pie,3.5,Common,Indefinite,Cross-domain,advanced
wall,room,hem,skirt,3.2,Common,Definite,Cross-domain,advanced
wall,room,compound,house,2.0,Common,Indefinite,Cross-domain,advanced
wall,room,sky,palace,1.0,Common,Indefinite,Intra-domain,advanced
crack,mirror,puncture,tyre,5.0,Common,Definite,Cross-domain,advanced
crack,mirror,acne,skin,4.6,Common,Indefinite,Cross-domain,advanced
crack,mirror,leukemia,blood,4.0,Common,Indefinite,Cross-domain,advanced
crack,mirror,tear,pantyhose,3.6,Common,Indefinite,Cross-domain,advanced
crack,mirror,chip,porcelain,3.0,Common,Indefinite,Intra-domain,advanced
crack,mirror,hole,heart,2.0,Common,Indefinite,Cross-domain,advanced
crack,mirror,scratch,tea,1.0,Common,Indefinite,Intra-domain,advanced
whale,pod,weapon,arsenal,5.0,Common,Indefinite,Intra-domain,advanced
whale,pod,flower,boquet,5.0,Common,Definite,Cross-domain,advanced
whale,pod,minister,cabinet,4.2,Common,Indefinite,Intra-domain,advanced
whale,pod,senator,senate,3.8,Unc,Definite,Intra-domain,advanced
whale,pod,soldier,troop,3.0,Unc,Definite,Cross-domain,advanced
whale,pod,leaf,bunch,2.0,Common,Indefinite,Cross-domain,advanced
whale,pod,lion,friends,1.2,Common,Definite,Intra-domain,advanced
music,compose,cake,bake,5.0,Common,Definite,Cross-domain,hard
music,compose,dance,choreograph,4.8,Common,Indefinite,Intra-domain,hard
music,compose,software,program,4.6,Common,Definite,Cross-domain,hard
music,compose,dress,stitch,3.8,Common,Indefinite,Cross-domain,hard
music,compose,literature,language,2.8,Common,Indefinite,Cross-domain,hard
music,compose,snowman,build,2.0,Common,Definite,Intra-domain,hard
music,compose,song,lemon,1.0,Common,Indefinite,Cross-domain,hard
exercise,gym,work,office,5.0,Common,Definite,Intra-domain,medium
exercise,gym,read,library,5.0,Common,Indefinite,Intra-domain,medium
exercise,gym,eat,restaurant,4.8,Common,Definite,Intra-domain,medium
exercise,gym,study,school,4.8,Common,Indefinite,Cross-domain,medium
exercise,gym,drink,bar,4.4,Common,Definite,Cross-domain,medium
exercise,gym,play,park,3.2,Common,Indefinite,Intra-domain,medium
exercise,gym,cook,room,2.0,Common,Indefinite,Cross-domain,medium
exercise,gym,sleep,kitchen,1.0,Common,Indefinite,Cross-domain,medium
penny,1,quarter,25,5.0,Common,Definite,Intra-domain,medium
penny,1,nickel,5,5.0,Common,Definite,Intra-domain,medium
penny,1,dime,10,4.8,Common,Definite,Intra-domain,medium
penny,1,dollar,100,3.0,Common,Definite,Intra-domain,medium
penny,1,dollar,1,2.2,Common,Definite,Intra-domain,medium
penny,1,pence,30,1.0,Common,Indefinite,Intra-domain,medium
music,listen,book,read,5.0,Common,Indefinite,Intra-domain,medium
music,listen,movie,watch,4.8,Common,Definite,Intra-domain,medium
music,listen,toy,play,4.6,Common,Indefinite,Cross-domain,medium
music,listen,perfume,smell,4.2,Common,Definite,Intra-domain,medium
music,listen,song,dance,2.8,Common,Indefinite,Intra-domain,medium
music,listen,video,stand,1.0,Common,Indefinite,Intra-domain,medium
colonel,army,king,kingdom,5.0,Common,Definite,Intra-domain,advanced
colonel,army,father,family,4.4,Common,Definite,Cross-domain,advanced
colonel,army,principal,college,4.0,Common,Indefinite,Intra-domain,advanced
colonel,army,president,country,3.5,Common,Definite,Intra-domain,advanced
colonel,army,headmaster,school,3.0,Common,Definite,Cross-domain,advanced
colonel,army,watchman,office,2.5,Common,Definite,Cross-domain,advanced
colonel,army,sister,playground,1.0,Common,Indefinite,Intra-domain,advanced
egg,chick,larva,insect,5.0,Unc,Definite,Intra-domain,advanced
egg,chick,seed,tree,4.8,Common,Definite,Cross-domain,advanced
egg,chick,zygote,human,4.8,Unc,Definite,Intra-domain,advanced
egg,chick,bud,flower,4.0,Common,Definite,Cross-domain,advanced
egg,chick,caterpiller,butterfly,4.0,Unc,Definite,Intra-domain,advanced
egg,chick,toad,frog,3.8,Common,Definite,Intra-domain,advanced
egg,chick,flower,fruit,3.0,Common,Definite,Cross-domain,advanced
egg,chick,root,house,1.0,Common,Indefinite,Cross-domain,advanced
map,atlas,word,dictionary,5.0,Common,Definite,Intra-domain,hard
map,atlas,address,directory,4.6,Common,Indefinite,Intra-domain,hard
map,atlas,article,magazine,4.4,Common,Indefinite,Intra-domain,hard
map,atlas,photo,album,4.0,Common,Indefinite,Intra-domain,hard
map,atlas,food,menu,3.0,Common,Indefinite,Cross-domain,hard
map,atlas,contact,diary,2.8,Common,Indefinite,Cross-domain,hard
map,atlas,alcohol,room,2.0,Common,Indefinite,Cross-domain,hard
map,atlas,rock,sky,1.0,Common,Indefinite,Cross-domain,hard
fish,swim,bird,fly,5.0,Common,Definite,Intra-domain,medium
fish,swim,snake,slither,4.8,Common,Definite,Intra-domain,medium
fish,swim,man,walk,4.5,Common,Definite,Intra-domain,medium
fish,swim,animal,run,3.8,Common,Indefinite,Intra-domain,medium
fish,swim,baby,crawl,3.0,Common,Definite,Intra-domain,medium
fish,swim,mountain,stand,2.0,Common,Indefinite,Cross-domain,medium
fish,swim,cat,jog,1.0,Common,Indefinite,Cross-domain,medium
glass,clear,wood,opaque,5.0,Common,Indefinite,Intra-domain,advanced
glass,clear,lead,heavy,4.6,Common,Indefinite,Intra-domain,advanced
glass,clear,sandpaper,rough,3.8,Common,Indefinite,Cross-domain,advanced
glass,clear,steel,hard,3.6,Common,Indefinite,Cross-domain,advanced
glass,clear,foil,smooth,3.2,Common,Indefinite,Intra-domain,advanced
glass,clear,marble,shiny,3.0,Common,Definite,Intra-domain,advanced
glass,clear,feather,strong,2.2,Common,Indefinite,Cross-domain,advanced
glass,clear,rod,light,1.0,Common,Indefinite,Cross-domain,advanced
engineer,program,poet,poem,5.0,Common,Definite,Intra-domain,medium
engineer,program,author,article,5.0,Common,Indefinite,Intra-domain,medium
engineer,program,lawyer,case,4.6,Common,Indefinite,Intra-domain,medium
engineer,program,singer,song,4.4,Common,Definite,Intra-domain,medium
engineer,program,actress,movie,4.2,Common,Indefinite,Intra-domain,medium
engineer,program,carpenter,furniture,3.8,Common,Indefinite,Cross-domain,medium
engineer,program,cobbler,shoes,3.4,Common,Definite,Intra-domain,medium
engineer,program,teacher,notes,3.2,Common,Indefinite,Intra-domain,medium
engineer,program,dancer,shoot,1.2,Common,Indefinite,Cross-domain,medium
sweater,knit,shirt,sew,4.6,Common,Indefinite,Intra-domain,hard
sweater,knit,fabric,weave,4.2,Common,Definite,Intra-domain,hard
sweater,knit,dress,stitch,4.2,Common,Indefinite,Intra-domain,hard
sweater,knit,frock,design,3.2,Common,Definite,Intra-domain,hard
sweater,knit,leather,knit,1.4,Common,Indefinite,Cross-domain,hard
dog,kennel,horse,stable,5.0,Common,Definite,Intra-domain,advanced
dog,kennel,bear,cave,5.0,Common,Definite,Intra-domain,advanced
dog,kennel,lion,den,4.8,Common,Definite,Intra-domain,advanced
dog,kennel,cat,cattery,4.8,Unc,Definite,Intra-domain,advanced
dog,kennel,buffalo,barn,4.2,Common,Definite,Intra-domain,advanced
dog,kennel,alligator,nest,4.0,Common,Definite,Intra-domain,advanced
dog,kennel,monkey,tree,3.6,Common,Indefinite,Intra-domain,advanced
dog,kennel,camel,sea,1.0,Common,Indefinite,Intra-domain,advanced
cat,kitten,dog,puppy,5.0,Common,Definite,Intra-domain,advanced
cat,kitten,bear,cub,5.0,Common,Definite,Intra-domain,advanced
cat,kitten,donkey,foal,5.0,Common,Definite,Intra-domain,advanced
cat,kitten,camel,calf,5.0,Common,Definite,Intra-domain,advanced
cat,kitten,goose,gosling,5.0,Common,Definite,Intra-domain,advanced
cat,kitten,kangaroo,joey,5.0,Common,Definite,Intra-domain,advanced
cat,kitten,rat,pup,3.0,Common,Definite,Intra-domain,advanced
cat,kitten,frog,piglet,1.33,Common,Definite,Cross-domain,advanced
stallion,mare,gander,goose,5.0,Common,Definite,Intra-domain,advanced
stallion,mare,lion,lioness,5.0,Common,Definite,Intra-domain,advanced
stallion,mare,stag,hind,4.8,Unc,Definite,Intra-domain,advanced
stallion,mare,boar,sow,4.4,Unc,Definite,Intra-domain,advanced
stallion,mare,dog,bitch,4.2,Common,Definite,Intra-domain,advanced
stallion,mare,bull,cow,4.2,Common,Definite,Intra-domain,advanced
stallion,mare,jack,jenny,2.6,Common,Definite,Cross-domain,advanced
stallion,mare,stag,tigress,2.6,Common,Definite,Intra-domain,advanced
stallion,mare,bull,hen,2.0,Common,Indefinite,Cross-domain,advanced
china,chinese,japan,japanese,5.0,Common,Definite,Intra-domain,medium
china,chinese,india,indian,5.0,Common,Definite,Intra-domain,medium
china,chinese,germany,german,5.0,Common,Definite,Intra-domain,medium
china,chinese,canada,canadian,5.0,Common,Definite,Intra-domain,medium
china,chinese,britain,british,4.8,Common,Definite,Intra-domain,medium
china,chinese,paris,european,2.8,Common,Definite,Intra-domain,medium
china,chinese,malaysia,asian,2.6,Common,Definite,Intra-domain,medium
china,chinese,australia,african,1.0,Common,Definite,Cross-domain,medium
china,shanghai,nigeria,lagos,5.0,Common,Definite,Intra-domain,advanced
china,shanghai,canada,toronto,4.8,Common,Definite,Intra-domain,advanced
china,shanghai,england,leeds,4.5,Unc,Indefinite,Intra-domain,advanced
china,shanghai,pakistan,karachi,4.4,Unc,Definite,Intra-domain,advanced
china,shanghai,russia,moscow,4.0,Unc,Definite,Intra-domain,advanced
china,shanghai,india,mumbai,3.6,Common,Definite,Intra-domain,advanced
china,shanghai,indonesia,jakarta,3.6,Common,Definite,Intra-domain,advanced
china,shanghai,wales,chennai,1.0,Unc,Indefinite,Intra-domain,advanced
chicken,coop,bee,hive,5.0,Common,Definite,Intra-domain,advanced
chicken,coop,bat,roost,4.8,Unc,Definite,Intra-domain,advanced
chicken,coop,pigeon,cote,4.0,Common,Indefinite,Intra-domain,advanced
chicken,coop,dove,dovecot,3.8,Unc,Indefinite,Intra-domain,advanced
chicken,coop,duck,pond,3.0,Common,Indefinite,Intra-domain,advanced
chicken,coop,crow,mountain,2.0,Common,Indefinite,Cross-domain,advanced
hen,cock,duck,drake,5.0,Common,Definite,Intra-domain,advanced
hen,cock,doe,buck,4.6,Common,Definite,Intra-domain,advanced
hen,cock,hen,rooster,4.0,Common,Definite,Intra-domain,advanced
hen,cock,queen,drone,3.4,Common,Definite,Intra-domain,advanced
hen,cock,bird,cock,2.0,Common,Definite,Cross-domain,advanced
hen,cock,eagle,farm,1.8,Common,Definite,Cross-domain,advanced
jeans,zipper,shirt,button,5.0,Common,Indefinite,Intra-domain,medium
jeans,zipper,shoes,lace,4.4,Common,Indefinite,Intra-domain,medium
jeans,zipper,dress,ribbon,3.8,Common,Definite,Intra-domain,medium
jeans,zipper,cap,velcro,4.25,Common,Indefinite,Intra-domain,medium
jeans,zipper,t-shirt,pocket,3.4,Common,Indefinite,Intra-domain,medium
jeans,zipper,jacket,zip,3.2,Common,Indefinite,Intra-domain,medium
hola,spanish,hallo,german,5.0,Unc,Definite,Intra-domain,advanced
hola,spanish,ciao,italian,4.75,Unc,Definite,Intra-domain,advanced
hola,spanish,hello,english,5.0,Common,Definite,Intra-domain,advanced
hola,spanish,hej,danish,5.0,Unc,Definite,Intra-domain,advanced
hola,spanish,namaste,hindi,4.8,Unc,Definite,Intra-domain,advanced
hola,spanish,hello,chinese,2.0,Common,Indefinite,Intra-domain,advanced
car,auto,movie,film,4.8,Common,Definite,Cross-domain,hard
car,auto,good,nice,3.0,Common,Indefinite,Cross-domain,hard
car,auto,chest,thorax,3.33,Common,Definite,Cross-domain,hard
car,auto,smile,laugh,3.0,Common,Indefinite,Cross-domain,hard
car,auto,leopard,tiger,2.8,Common,Indefinite,Cross-domain,hard
car,auto,shower,pour,2.2,Common,Definite,Cross-domain,hard
car,auto,see,sea,1.2,Common,Indefinite,Cross-domain,hard
happy,content,anger,enrage,5.0,Unc,Definite,Intra-domain,advanced
happy,content,fear,fright,4.2,Unc,Indefinite,Intra-domain,advanced
happy,content,sad,despair,4.0,Unc,Indefinite,Intra-domain,advanced
happy,content,disgust,distaste,4.0,Unc,Indefinite,Intra-domain,advanced
happy,content,pain,dreamy,1.8,Unc,Indefinite,Intra-domain,advanced
happy,content,excitement,aloof,1.2,Unc,Indefinite,Cross-domain,advanced
closet,clothes,shelf,book,5.0,Common,Indefinite,Intra-domain,medium
closet,clothes,rack,shoe,4.4,Common,Indefinite,Intra-domain,medium
closet,clothes,fridge,butter,4.2,Common,Indefinite,Cross-domain,medium
closet,clothes,freezer,beer,4.0,Common,Definite,Intra-domain,medium
closet,clothes,parking,car,3.6,Common,Indefinite,Cross-domain,medium
closet,clothes,hanger,shirts,3.0,Common,Indefinite,Intra-domain,medium
closet,clothes,hat,garage,1.6,Common,Indefinite,Cross-domain,medium
closet,clothes,tools,wardrobe,1.0,Common,Indefinite,Cross-domain,medium
policeman,policewoman,host,hostess,5.0,Common,Definite,Intra-domain,medium
policeman,policewoman,poet,poetess,5.0,Common,Definite,Intra-domain,medium
policeman,policewoman,landlord,landlady,4.8,Common,Definite,Cross-domain,medium
policeman,policewoman,master,mistress,4.5,Common,Definite,Intra-domain,medium
policeman,policewoman,king,queen,4.5,Common,Definite,Intra-domain,medium
policeman,policewoman,hero,actress,3.6,Common,Definite,Cross-domain,medium
policeman,policewoman,master,governor,2.0,Common,Definite,Cross-domain,medium
policeman,policewoman,emperor,waitress,1.0,Common,Definite,Intra-domain,medium
teacher,teach,actor,act,5.0,Common,Definite,Intra-domain,medium
teacher,teach,chef,cook,5.0,Common,Definite,Cross-domain,medium
teacher,teach,programmer,program,4.2,Common,Definite,Intra-domain,medium
teacher,teach,waiter,serve,4.0,Common,Definite,Intra-domain,medium
teacher,teach,manager,accounting,2.8,Common,Definite,Intra-domain,medium
teacher,teach,architect,sows,2.0,Common,Indefinite,Intra-domain,medium
teacher,teach,engineer,cure,1.0,Common,Indefinite,Intra-domain,medium
teacher,teach,farmer,sing,1.0,Common,Definite,Intra-domain,medium
bad,terrible,disgusting,loathsome,5.0,Common,Indefinite,Intra-domain,hard
bad,terrible,horrible,awful,5.0,Unc,Indefinite,Intra-domain,hard
bad,terrible,trick,cheat,4.4,Common,Definite,Intra-domain,hard
bad,terrible,mean,nasty,4.0,Common,Indefinite,Intra-domain,hard
bad,terrible,abhorrent,abominable,3.8,Unc,Indefinite,Intra-domain,hard
bad,terrible,ominous,sinister,3.4,Unc,Indefinite,Intra-domain,hard
bad,terrible,awesome,awful,2.6,Common,Definite,Intra-domain,hard
bad,terrible,ugly,fugly,1.2,Common,Indefinite,Cross-domain,hard
bad,terrible,stormy,calm,1.0,Common,Indefinite,Cross-domain,hard
neck,scarf,hand,glove,5.0,Common,Definite,Intra-domain,medium
neck,scarf,foot,sock,4.8,Common,Definite,Intra-domain,medium
neck,scarf,finger,ring,4.6,Common,Definite,Intra-domain,medium
neck,scarf,head,hat,4.2,Common,Indefinite,Intra-domain,medium
neck,scarf,wrist,watch,4.0,Common,Indefinite,Intra-domain,medium
neck,scarf,eyelash,mascara,3.5,Common,Indefinite,Intra-domain,medium
neck,scarf,leg,boots,3.0,Common,Definite,Intra-domain,medium
neck,scarf,back,comb,2.1,Common,Definite,Intra-domain,medium
neck,scarf,tummy,crown,1.0,Common,Indefinite,Intra-domain,medium
rain,umbrella,wind,jacket,5.0,Common,Indefinite,Intra-domain,hard
rain,umbrella,ice,glove,4.2,Common,Indefinite,Intra-domain,hard
rain,umbrella,sun,hat,4.0,Common,Indefinite,Intra-domain,hard
rain,umbrella,snow,scarf,3.0,Common,Indefinite,Intra-domain,hard
rain,umbrella,sun,umbrella,2.0,Common,Indefinite,Intra-domain,hard
rain,umbrella,storm,skates,1.0,Common,Indefinite,Cross-domain,hard
doctor,orthodontist,scientist,physicist,5.0,Common,Indefinite,Intra-domain,advanced
doctor,orthodontist,artist,painter,5.0,Common,Indefinite,Cross-domain,advanced
doctor,orthodontist,musician,singer,4.0,Common,Indefinite,Intra-domain,advanced
doctor,orthodontist,minister,president,3.0,Common,Indefinite,Cross-domain,advanced
doctor,orthodontist,leader,manager,2.4,Common,Indefinite,Intra-domain,advanced
doctor,orthodontist,doctor,manager,1.6,Common,Indefinite,Cross-domain,advanced
doctor,orthodontist,chemist,joker,1.0,Common,Definite,Cross-domain,advanced
goat,milk,duck,eggs,5.0,Common,Definite,Intra-domain,hard
goat,milk,buffalo,milk,5.0,Common,Indefinite,Intra-domain,hard
goat,milk,sheep,wool,4.5,Common,Definite,Intra-domain,hard
goat,milk,elephant,ivory,4.0,Common,Definite,Intra-domain,hard
goat,milk,snake,skin,3.6,Common,Indefinite,Intra-domain,hard
goat,milk,cow,manure,3.0,Common,Indefinite,Intra-domain,hard
goat,milk,lion,milk,1.5,Common,Indefinite,Intra-domain,hard
goat,milk,pig,pastry,1.0,Common,Indefinite,Intra-domain,hard
bird,wings,fish,fins,5.0,Common,Definite,Intra-domain,hard
bird,wings,deer,legs,4.8,Common,Definite,Intra-domain,hard
bird,wings,octopus,tentacles,4.6,Common,Definite,Intra-domain,hard
bird,wings,cat,paws,4.4,Common,Definite,Intra-domain,hard
bird,wings,eagle,feathers,3.0,Common,Indefinite,Intra-domain,hard
bird,wings,snake,body,2.4,Common,Indefinite,Cross-domain,hard
bird,wings,elephant,fins,1.0,Common,Definite,Cross-domain,hard
germany,euro,kenya,shilling,5.0,Unc,Definite,Intra-domain,advanced
germany,euro,japan,yen,5.0,Unc,Definite,Intra-domain,advanced
germany,euro,india,rupee,5.0,Unc,Definite,Intra-domain,advanced
germany,euro,england,pound,5.0,Common,Definite,Intra-domain,advanced
germany,euro,denmark,krone,5.0,Common,Definite,Intra-domain,advanced
germany,euro,iceland,krona,4.8,Unc,Definite,Intra-domain,advanced
germany,euro,czech,koruna,4.8,Unc,Definite,Intra-domain,advanced
germany,euro,france,euro,4.8,Unc,Definite,Intra-domain,advanced
germany,euro,china,yuan,4.2,Unc,Definite,Intra-domain,advanced
germany,euro,yen,rupee,1.4,Unc,Definite,Intra-domain,advanced
london,england,amsterdam,netherlands,5.0,Common,Definite,Intra-domain,medium
london,england,beijing,china,5.0,Common,Definite,Intra-domain,medium
london,england,berlin,germany,5.0,Common,Definite,Intra-domain,medium
london,england,brussels,belgium,5.0,Common,Definite,Intra-domain,medium
london,england,copenhagen,denmark,5.0,Common,Definite,Intra-domain,medium
london,england,cardiff,wales,5.0,Common,Definite,Intra-domain,medium
london,england,delhi,india,5.0,Common,Definite,Intra-domain,medium
london,england,doha,qatar,5.0,Common,Definite,Intra-domain,medium
london,england,ottawa,canada,5.0,Common,Definite,Intra-domain,medium
london,england,paris,france,5.0,Common,Definite,Intra-domain,medium
london,england,rome,italy,5.0,Common,Definite,Intra-domain,medium
london,england,tokyo,japan,5.0,Common,Definite,Intra-domain,medium
london,england,dhaka,bangladesh,4.8,Common,Definite,Intra-domain,medium
london,england,munich,germany,4.0,Common,Definite,Intra-domain,medium
london,england,copenhagen,cape,1.8,Common,Definite,Intra-domain,medium
london,england,china,africa,1.0,Common,Definite,Intra-domain,medium
tumor,cancer,inflammation,swelling,4.6,Common,Definite,Intra-domain,advanced
tumor,cancer,nausea,vomiting,4.4,Common,Indefinite,Intra-domain,advanced
tumor,cancer,bruise,redness,3.8,Common,Definite,Intra-domain,advanced
tumor,cancer,fever,temperature,3.4,Common,Indefinite,Intra-domain,advanced
tumor,cancer,cancer,yellowish,1.4,Common,Indefinite,Intra-domain,advanced
tumor,cancer,attack,smile,1.0,Common,Indefinite,Cross-domain,advanced
stethoscope,doctor,gun,police,4.6,Common,Definite,Intra-domain,hard
stethoscope,doctor,pen,writer,4.4,Common,Definite,Intra-domain,hard
stethoscope,doctor,chalk,teacher,4.2,Common,Indefinite,Intra-domain,hard
stethoscope,doctor,mike,orator,4.2,Common,Indefinite,Cross-domain,hard
stethoscope,doctor,hammer,mechanic,3.8,Common,Indefinite,Cross-domain,hard
stethoscope,doctor,laptop,engineer,3.0,Common,Indefinite,Intra-domain,hard
stethoscope,doctor,wire,painter,2.6,Common,Indefinite,Cross-domain,hard
stethoscope,doctor,microscope,farmer,1.2,Common,Indefinite,Cross-domain,hard
keyboard,finger,flute,lips,5.0,Common,Definite,Intra-domain,hard
keyboard,finger,piano,finger,4.6,Common,Indefinite,Intra-domain,hard
keyboard,finger,mike,mouth,4.2,Common,Definite,Intra-domain,hard
keyboard,finger,headphone,ear,4.0,Common,Indefinite,Intra-domain,hard
keyboard,finger,screen,eye,3.8,Common,Definite,Intra-domain,hard
keyboard,finger,pedal,leg,3.6,Common,Indefinite,Cross-domain,hard
keyboard,finger,tube,elbow,1.0,Common,Indefinite,Cross-domain,hard
cup,coffee,bowl,soup,5.0,Common,Indefinite,Intra-domain,medium
cup,coffee,jug,water,4.6,Common,Indefinite,Intra-domain,medium
cup,coffee,plate,food,4.0,Common,Indefinite,Intra-domain,medium
cup,coffee,pan,pizza,3.8,Common,Indefinite,Intra-domain,medium
cup,coffee,spoon,pasta,3.4,Common,Definite,Intra-domain,medium
cup,coffee,cooker,rice,3.0,Common,Indefinite,Intra-domain,medium
cup,coffee,bottle,vegetable,1.0,Common,Indefinite,Intra-domain,medium
cup,coffee,potato,tea,1.0,Common,Indefinite,Cross-domain,medium
fireplace,fire,chimney,smoke,5.0,Common,Definite,Intra-domain,hard
fireplace,fire,bulb,light,4.2,Common,Definite,Intra-domain,hard
fireplace,fire,tap,water,4.0,Common,Definite,Intra-domain,hard
fireplace,fire,drawer,tools,3.6,Common,Indefinite,Cross-domain,hard
fireplace,fire,window,breeze,3.2,Common,Indefinite,Cross-domain,hard
fireplace,fire,cooler,air,3.0,Common,Definite,Cross-domain,hard
fireplace,fire,cigarette,ash,2.6,Common,Definite,Cross-domain,hard
fireplace,fire,table,fork,2.1,Common,Indefinite,Cross-domain,hard
fireplace,fire,sweet,flood,1.0,Common,Indefinite,Cross-domain,hard
bed,sleep,pool,swim,5.0,Common,Definite,Intra-domain,medium
bed,sleep,shower,bathe,4.8,Common,Definite,Intra-domain,medium
bed,sleep,sofa,sit,4.6,Common,Definite,Intra-domain,medium
bed,sleep,stove,cook,4.6,Common,Definite,Cross-domain,medium
bed,sleep,stair,climb,3.8,Common,Definite,Intra-domain,medium
bed,sleep,study,read,3.1,Common,Indefinite,Cross-domain,medium
bed,sleep,chair,fall,1.8,Common,Indefinite,Cross-domain,medium
bed,sleep,bathroom,dance,1.2,Common,Indefinite,Cross-domain,medium
lamp,light,fan,air,5.0,Common,Definite,Cross-domain,hard
lamp,light,sun,heat,5.0,Common,Indefinite,Intra-domain,hard
lamp,light,lighter,fire,4.2,Common,Definite,Intra-domain,hard
lamp,light,cloud,rain,3.8,Common,Indefinite,Intra-domain,hard
lamp,light,coal,diamond,3.2,Common,Indefinite,Cross-domain,hard
lamp,light,rain,rainbow,2.8,Common,Definite,Cross-domain,hard
lamp,light,cooler,snow,2.6,Common,Indefinite,Cross-domain,hard
lamp,light,laptop,air,2.0,Common,Indefinite,Cross-domain,hard
lamp,light,storm,lake,1.0,Common,Indefinite,Cross-domain,hard
ennui,boredom,rendezvous,tryst,5.0,Unc,Indefinite,Cross-domain,advanced
ennui,boredom,virtuoso,star,5.0,Unc,Indefinite,Intra-domain,advanced
ennui,boredom,antiquity,relic,4.3,Unc,Definite,Cross-domain,advanced
ennui,boredom,lathe,turret,3.1,Unc,Indefinite,Cross-domain,advanced
ennui,boredom,exagerrate,request,2.0,Unc,Indefinite,Cross-domain,advanced
ennui,boredom,negotiate,kill,1.0,Unc,Indefinite,Cross-domain,advanced
good,bad,high,low,5.0,Common,Definite,Intra-domain,easy
good,bad,old,young,5.0,Common,Definite,Cross-domain,easy
good,bad,clean,dirty,4.8,Common,Indefinite,Intra-domain,easy
good,bad,long,small,4.4,Common,Definite,Cross-domain,easy
good,bad,root,tip,3.4,Common,Definite,Cross-domain,easy
good,bad,hit,walk,2.0,Common,Indefinite,Cross-domain,easy
good,bad,wide,hard,1.2,Common,Indefinite,Cross-domain,easy
love,hate,fun,boredom,5.0,Common,Definite,Intra-domain,hard
love,hate,attract,disgust,4.6,Common,Definite,Intra-domain,hard
love,hate,confidence,fear,4.0,Common,Definite,Intra-domain,hard
love,hate,excitement,indifference,3.2,Common,Indefinite,Intra-domain,hard
love,hate,anger,hard,1.8,Common,Indefinite,Intra-domain,hard
love,hate,smile,nervous,1.6,Common,Indefinite,Intra-domain,hard
apple,red,sapodilla,brown,5.0,Unc,Indefinite,Intra-domain,easy
apple,red,grape,purple,4.8,Common,Indefinite,Intra-domain,easy
apple,red,banana,yellow,4.6,Common,Indefinite,Intra-domain,easy
apple,red,watermelon,green,4.6,Common,Definite,Intra-domain,easy
apple,red,plum,red,4.0,Common,Indefinite,Intra-domain,easy
apple,red,peach,yellow,3.8,Common,Indefinite,Intra-domain,easy
fire,hot,ice,cold,5.0,Common,Definite,Intra-domain,medium
fire,hot,candy,sweet,4.8,Common,Definite,Cross-domain,medium
fire,hot,cotton,soft,3.6,Common,Indefinite,Cross-domain,medium
fire,hot,tea,hot,3.4,Common,Indefinite,Cross-domain,medium
fire,hot,grass,wet,2.8,Common,Indefinite,Cross-domain,medium
fire,hot,tree,brown,1.6,Common,Definite,Cross-domain,medium
eye,see,ear,hear,5.0,Common,Definite,Intra-domain,medium
eye,see,nose,smell,5.0,Common,Definite,Intra-domain,medium
eye,see,skin,feel,4.8,Common,Definite,Intra-domain,medium
eye,see,tongue,taste,4.8,Common,Definite,Intra-domain,medium
eye,see,leg,walk,4.8,Common,Definite,Intra-domain,medium
eye,see,tooth,eat,4.2,Common,Definite,Intra-domain,medium
keyboard,type,pen,write,5.0,Common,Definite,Intra-domain,medium
keyboard,type,saw,cut,5.0,Common,Definite,Intra-domain,medium
keyboard,type,mirror,reflect,4.6,Common,Definite,Cross-domain,medium
keyboard,type,fan,air,3.8,Common,Definite,Intra-domain,medium
keyboard,type,bag,storage,3.6,Common,Definite,Cross-domain,medium
keyboard,type,car,motion,2.1,Common,Definite,Intra-domain,medium
keyboard,type,laptop,dance,1.2,Common,Indefinite,Intra-domain,medium
kakapo,flightless,stabyhoun,peaceful,5.0,Unc,Indefinite,Intra-domain,advanced
kakapo,flightless,bulbasaur,reptilian,4.0,Unc,Indefinite,Cross-domain,advanced
kakapo,flightless,pisces,dreamy,3.8,Unc,Indefinite,Cross-domain,advanced
kakapo,flightless,campion,odorless,2.6,Unc,Indefinite,Cross-domain,advanced
kakapo,flightless,poodle,pompret,2.2,Unc,Indefinite,Cross-domain,advanced
kakapo,flightless,stingray,steak,1.2,Unc,Definite,Intra-domain,advanced
joke,laughter,alcohol,hangover,4.2,Common,Indefinite,Cross-domain,hard
joke,laughter,sad,tears,4.0,Common,Definite,Intra-domain,hard
joke,laughter,fever,weakness,3.6,Common,Indefinite,Cross-domain,hard
joke,laughter,shower,clean,3.4,Common,Indefinite,Cross-domain,hard
joke,laughter,exercise,hunger,3.0,Common,Indefinite,Cross-domain,hard
joke,laughter,joy,shiver,2.0,Common,Indefinite,Cross-domain,hard
pinch,pain,hug,comfort,5.0,Common,Definite,Intra-domain,hard
pinch,pain,cold,frostbite,5.0,Common,Indefinite,Intra-domain,hard
pinch,pain,heat,scald,4.0,Common,Indefinite,Intra-domain,hard
pinch,pain,scold,cry,3.4,Common,Indefinite,Intra-domain,hard
pinch,pain,fear,scream,3.0,Common,Indefinite,Cross-domain,hard
pinch,pain,run,laugh,1.4,Common,Indefinite,Cross-domain,hard
pinch,pain,anger,dance,1.2,Common,Indefinite,Cross-domain,hard
kitchen,utensils,library,books,5.0,Common,Definite,Intra-domain,medium
kitchen,utensils,garage,cars,4.0,Common,Indefinite,Cross-domain,medium
kitchen,utensils,washroom,tissues,4.0,Common,Indefinite,Cross-domain,medium
kitchen,utensils,office,files,3.8,Common,Indefinite,Cross-domain,medium
kitchen,utensils,gallery,flowers,2.0,Common,Indefinite,Cross-domain,medium
kitchen,utensils,shop,body,2.0,Common,Indefinite,Cross-domain,medium
school,teacher,university,professor,5.0,Common,Definite,Intra-domain,medium
school,teacher,farm,farmer,4.8,Common,Definite,Cross-domain,medium
school,teacher,laboratory,scientist,4.8,Common,Definite,Intra-domain,medium
school,teacher,office,employee,4.2,Common,Definite,Intra-domain,medium
school,teacher,jungle,hunter,3.4,Common,Indefinite,Intra-domain,medium
school,teacher,farm,doctor,1.2,Common,Indefinite,Intra-domain,medium
bodega,wine,hangar,planes,5.0,Common,Definite,Cross-domain,advanced
bodega,wine,apothecary,medicine,4.8,Unc,Definite,Cross-domain,advanced
bodega,wine,columbarium,urn,3.8,Unc,Definite,Intra-domain,advanced
bodega,wine,botique,military,2.8,Unc,Definite,Cross-domain,advanced
bodega,wine,closet,fish,2.6,Common,Definite,Intra-domain,advanced
bodega,wine,arsenal,honey,1.6,Common,Indefinite,Cross-domain,advanced
india,delhi,austria,vienna,5.0,Common,Definite,Intra-domain,easy
india,delhi,bangladesh,dhaka,5.0,Common,Definite,Intra-domain,easy
india,delhi,france,paris,5.0,Common,Definite,Intra-domain,easy
india,delhi,pakistan,karachi,4.8,Common,Definite,Intra-domain,easy
india,delhi,germany,munich,4.0,Common,Indefinite,Intra-domain,easy
india,delhi,italy,zulu,2.2,Common,Definite,Intra-domain,easy
armenia,yerevan,azerbaijan,baku,5.0,Unc,Definite,Intra-domain,advanced
armenia,yerevan,montenegro,podgorica,4.8,Unc,Definite,Intra-domain,advanced
armenia,yerevan,croatia,maasai,1.25,Unc,Indefinite,Intra-domain,advanced
armenia,yerevan,micronesia,palikir,4.2,Unc,Definite,Intra-domain,advanced
armenia,yerevan,uzbekistan,yemen,1.4,Unc,Definite,Cross-domain,advanced
armenia,yerevan,andorra,russia,1.0,Unc,Definite,Cross-domain,advanced
latvia,lats,kazakhstan,tenge,4.8,Unc,Definite,Intra-domain,advanced
latvia,lats,korea,won,4.8,Unc,Definite,Intra-domain,advanced
latvia,lats,israel,shekel,4.2,Unc,Definite,Intra-domain,advanced
latvia,lats,russia,yuan,3.2,Unc,Definite,Intra-domain,advanced
latvia,lats,nepal,dollar,1.8,Unc,Indefinite,Intra-domain,advanced
latvia,lats,laos,trinadad,1.0,Unc,Indefinite,Cross-domain,advanced
england,english,bulgaria,bulgarian,5.0,Common,Definite,Intra-domain,easy
england,english,cuba,spanish,4.75,Common,Indefinite,Intra-domain,easy
england,english,japan,japanese,5.0,Common,Definite,Intra-domain,easy
england,english,bahamas,english,3.4,Common,Definite,Intra-domain,easy
england,english,india,english,2.6,Common,Definite,Intra-domain,easy
england,english,china,hindi,1.2,Unc,Definite,Intra-domain,easy
fiji,fijian,finland,finnish,5.0,Unc,Definite,Intra-domain,advanced
fiji,fijian,guinea,susu,4.4,Unc,Definite,Intra-domain,advanced
fiji,fijian,madagascar,french,3.0,Unc,Indefinite,Intra-domain,advanced
fiji,fijian,nigeria,english,2.8,Unc,Definite,Intra-domain,advanced
fiji,fijian,brazil,japanese,1.0,Unc,Definite,Intra-domain,advanced
nicaragua,spanish,kenya,swahili,5.0,Unc,Definite,Intra-domain,advanced
nicaragua,spanish,suriname,dutch,4.8,Unc,Definite,Intra-domain,advanced
nicaragua,spanish,kyrgyztan,kirghiz,4.5,Unc,Indefinite,Intra-domain,advanced
nicaragua,spanish,cambodia,khmer,4.0,Unc,Definite,Intra-domain,advanced
nicaragua,spanish,albania,hindi,2.6,Unc,Definite,Intra-domain,advanced
nicaragua,spanish,aruba,ruble,1.2,Unc,Indefinite,Cross-domain,advanced
morocco,berber,nigeria,hausa,5.0,Unc,Definite,Intra-domain,advanced
morocco,berber,nauru,nauruan,4.4,Unc,Definite,Intra-domain,advanced
morocco,berber,senegal,pulaar,4.2,Unc,Definite,Intra-domain,advanced
morocco,berber,zimbabwe,shona,3.0,Unc,Definite,Intra-domain,advanced
morocco,berber,barbados,nepali,2.2,Unc,Definite,Intra-domain,advanced
morocco,berber,argentina,marathi,1.0,Unc,Indefinite,Intra-domain,advanced
angry,angrily,happy,happily,5.0,Common,Definite,Intra-domain,easy
angry,angrily,mad,madly,5.0,Common,Definite,Intra-domain,easy
angry,angrily,sad,sadly,4.8,Common,Definite,Intra-domain,easy
angry,angrily,joy,joyfully,4.5,Common,Definite,Intra-domain,easy
angry,angrily,door,silly,1.2,Common,Indefinite,Cross-domain,easy
adroit,adroitly,jejune,jejunely,5.0,Unc,Definite,Intra-domain,advanced
adroit,adroitly,boorish,boorishly,4.8,Common,Definite,Intra-domain,advanced
adroit,adroitly,dowdy,dowdily,4.1,Common,Definite,Intra-domain,advanced
adroit,adroitly,hubristic,hubristically,3.0,Unc,Definite,Intra-domain,advanced
adroit,adroitly,joy,jointly,2.0,Common,Indefinite,Cross-domain,advanced
adroit,adroitly,fearful,freely,1.2,Common,Definite,Cross-domain,advanced
easy,easier,good,better,5.0,Common,Indefinite,Intra-domain,easy
easy,easier,big,bigger,5.0,Common,Definite,Intra-domain,easy
easy,easier,long,longer,4.8,Common,Definite,Intra-domain,easy
easy,easier,bad,worse,4.0,Common,Definite,Intra-domain,easy
easy,easier,window,widower,1.8,Common,Definite,Cross-domain,easy
easy,easier,waste,water,1.0,Common,Indefinite,Cross-domain,easy
wise,wiser,lazy,lazier,5.0,Common,Definite,Intra-domain,easy
wise,wiser,thin,thinner,5.0,Common,Definite,Intra-domain,easy
wise,wiser,tall,taller,5.0,Common,Definite,Intra-domain,easy
wise,wiser,many,more,3.6,Common,Definite,Intra-domain,easy
wise,wiser,fast,quicker,3.2,Common,Definite,Intra-domain,easy
wise,wiser,merry,marry,1.0,Common,Definite,Intra-domain,easy
north,up,south,down,5.0,Common,Definite,Intra-domain,medium
north,up,west,left,5.0,Common,Definite,Intra-domain,medium
north,up,east,right,5.0,Common,Definite,Intra-domain,medium
north,up,western,right,3.2,Common,Definite,Intra-domain,medium
north,up,north,southern,1.2,Common,Definite,Intra-domain,medium
gauck,germany,hollande,france,5.0,Unc,Definite,Intra-domain,advanced
gauck,germany,mattarella,italy,5.0,Unc,Definite,Intra-domain,advanced
gauck,germany,putin,russia,4.5,Unc,Definite,Intra-domain,advanced
gauck,germany,fischer,austria,4.0,Unc,Definite,Intra-domain,advanced
gauck,germany,mukherjee,india,4.0,Unc,Definite,Intra-domain,advanced
gauck,germany,merkel,germany,3.0,Unc,Definite,Intra-domain,advanced
gauck,germany,robert,canada,1.0,Unc,Definite,Intra-domain,advanced
india,modi,bangladesh,hasina,5.0,Unc,Definite,Intra-domain,advanced
india,modi,bhutan,tobgay,5.0,Unc,Definite,Intra-domain,advanced
india,modi,china,keqiang,5.0,Unc,Definite,Intra-domain,advanced
india,modi,nepal,oli,5.0,Unc,Definite,Intra-domain,advanced
india,modi,singapore,loong,4.8,Unc,Definite,Intra-domain,advanced
india,modi,japan,abe,4.0,Unc,Definite,Intra-domain,advanced
india,modi,maldives,merkel,1.6,Unc,Indefinite,Intra-domain,advanced
spiderman,raimi,avengers,whedon,5.0,Unc,Definite,Intra-domain,hard
spiderman,raimi,aquaman,wan,5.0,Unc,Definite,Intra-domain,hard
spiderman,raimi,hulk,lee,4.8,Unc,Definite,Intra-domain,hard
spiderman,raimi,thor,branagh,4.2,Unc,Definite,Intra-domain,hard
spiderman,raimi,batman,martinson,4.0,Unc,Definite,Intra-domain,hard
spiderman,raimi,zorro,cameron,3.4,Unc,Definite,Intra-domain,hard
spiderman,raimi,superman,warner,3.0,Unc,Definite,Intra-domain,hard
spiderman,raimi,supergirl,marvel,1.8,Unc,Definite,Cross-domain,hard
cinderella,jackson,tangled,howard,5.0,Unc,Definite,Intra-domain,advanced
cinderella,jackson,aladdin,clements,4.6,Unc,Definite,Intra-domain,advanced
cinderella,jackson,enchanted,lima,4.2,Unc,Definite,Intra-domain,advanced
cinderella,jackson,tarzan,yates,4.0,Unc,Definite,Intra-domain,advanced
cinderella,jackson,frozen,lee,3.4,Unc,Definite,Intra-domain,advanced
cinderella,jackson,dumbo,smith,3.0,Unc,Definite,Intra-domain,advanced
cinderella,jackson,bambi,pearce,1.0,Unc,Definite,Intra-domain,advanced
paris,eiffel,giza,pyramid,5.0,Common,Definite,Intra-domain,hard
paris,eiffel,alexandria,lighthouse,5.0,Common,Definite,Intra-domain,hard
paris,eiffel,rome,colosseum,4.8,Common,Definite,Intra-domain,hard
paris,eiffel,rhodes,colossus,4.8,Common,Definite,Intra-domain,hard
paris,eiffel,wiltshire,stonehenge,4.6,Common,Definite,Intra-domain,hard
paris,eiffel,agra,taj,3.2,Common,Definite,Intra-domain,hard
paris,eiffel,pisa,tower,2.8,Common,Definite,Intra-domain,hard
paris,eiffel,egypt,stone,1.0,Common,Definite,Intra-domain,hard
victoria,africa,taal,philippines,4.2,Unc,Definite,Intra-domain,advanced
victoria,africa,baikal,russia,4.0,Unc,Definite,Intra-domain,advanced
victoria,africa,nasser,egypt,2.0,Common,Indefinite,Cross-domain,advanced
victoria,africa,caspian,russia,3.8,Unc,Definite,Intra-domain,advanced
victoria,africa,malawi,tanzania,3.6,Unc,Definite,Intra-domain,advanced
victoria,africa,thames,ireland,2.8,Unc,Definite,Intra-domain,advanced
victoria,africa,blue,india,1.0,Unc,Definite,Intra-domain,advanced
puka,philippines,fakistra,greece,5.0,Unc,Definite,Intra-domain,advanced
puka,philippines,sunj,croatia,5.0,Unc,Definite,Intra-domain,advanced
puka,philippines,ipanema,brazil,4.8,Unc,Definite,Intra-domain,advanced
puka,philippines,blinky,australia,4.5,Unc,Indefinite,Intra-domain,advanced
puka,philippines,baga,goa,4.0,Unc,Definite,Intra-domain,advanced
puka,philippines,greenfield,australia,3.8,Unc,Definite,Intra-domain,advanced
puka,philippines,black,spain,2.1,Unc,Indefinite,Intra-domain,advanced
microsoft,gates,infosys,murthy,5.0,Unc,Definite,Intra-domain,advanced
microsoft,gates,facebook,zuckerberg,5.0,Unc,Definite,Intra-domain,advanced
microsoft,gates,ibm,flint,4.7,Unc,Definite,Intra-domain,advanced
microsoft,gates,dell,michael,4.5,Unc,Definite,Intra-domain,advanced
microsoft,gates,yahoo,mayer,4.0,Unc,Definite,Intra-domain,advanced
microsoft,gates,wipro,premji,3.8,Unc,Definite,Intra-domain,advanced
microsoft,gates,google,page,2.0,Unc,Indefinite,Intra-domain,advanced
microsoft,gates,lenovo,craig,1.8,Unc,Indefinite,Cross-domain,advanced
physicist,einstein,mathematician,aryabhata,5.0,Unc,Definite,Intra-domain,advanced
physicist,einstein,surgeon,lister,5.0,Unc,Definite,Intra-domain,advanced
physicist,einstein,chemist,curie,4.8,Common,Definite,Intra-domain,advanced
physicist,einstein,actor,dicaprio,4.5,Common,Indefinite,Cross-domain,advanced
physicist,einstein,physician,blackwell,4.6,Unc,Indefinite,Intra-domain,advanced
physicist,einstein,zoologist,hanna,4.4,Common,Definite,Intra-domain,advanced
physicist,einstein,biologist,darwin,4.2,Common,Definite,Intra-domain,advanced
physicist,einstein,geologist,bascom,4.0,Unc,Definite,Intra-domain,advanced
physicist,einstein,psychologist,leon,4.0,Unc,Definite,Cross-domain,advanced
physicist,einstein,history,newton,1.9,Common,Indefinite,Intra-domain,advanced
tyro,inexperienced,vernacular,regional,5.0,Unc,Definite,Intra-domain,advanced
tyro,inexperienced,bigot,prejudiced,4.6,Unc,Indefinite,Intra-domain,advanced
tyro,inexperienced,citadel,fortified,4.0,Unc,Definite,Cross-domain,advanced
tyro,inexperienced,bishop,ordained,3.2,Unc,Indefinite,Cross-domain,advanced
tyro,inexperienced,rivulet,small,2.4,Unc,Indefinite,Cross-domain,advanced
tyro,inexperienced,vitriol,sweet,1.8,Unc,Indefinite,Cross-domain,advanced
tyro,inexperienced,liar,loved,1.0,Unc,Indefinite,Cross-domain,advanced
angiosperms,maple,gymnosperms,pine,5.0,Unc,Definite,Intra-domain,advanced
angiosperms,maple,bryophytes,mosses,5.0,Unc,Definite,Intra-domain,advanced
angiosperms,maple,thallophyta,algae,5.0,Unc,Definite,Intra-domain,advanced
angiosperms,maple,pteridophytes,ferns,4.6,Unc,Indefinite,Intra-domain,advanced
angiosperms,maple,monocot,dicot,2.4,Unc,Indefinite,Intra-domain,advanced
tennis,racket,cricket,bat,5.0,Common,Definite,Intra-domain,hard
tennis,racket,hockey,stick,5.0,Common,Definite,Intra-domain,hard
tennis,racket,golf,club,4.8,Common,Definite,Intra-domain,hard
tennis,racket,badminton,bat,3.6,Common,Definite,Intra-domain,hard
tennis,racket,football,racket,1.0,Common,Indefinite,Intra-domain,hard
zippo,lighter,michelin,tyre,5.0,Common,Definite,Intra-domain,advanced
zippo,lighter,maclaren,stroller,4.6,Unc,Indefinite,Cross-domain,advanced
zippo,lighter,crocs,clogs,4.0,Common,Indefinite,Cross-domain,advanced
zippo,lighter,flexi,leash,4.0,Unc,Definite,Cross-domain,advanced
zippo,lighter,titan,watch,3.2,Common,Definite,Intra-domain,advanced
zippo,lighter,lenovo,door,1.0,Unc,Definite,Cross-domain,advanced
tailor,cloth,goldsmith,gold,5.0,Common,Definite,Cross-domain,hard
tailor,cloth,carpenter,wood,5.0,Common,Definite,Intra-domain,hard
tailor,cloth,bladesmith,iron,4.6,Common,Definite,Intra-domain,hard
tailor,cloth,blacksmith,steel,4.0,Common,Definite,Intra-domain,hard
tailor,cloth,brownsmith,copper,4.0,Common,Indefinite,Cross-domain,hard
tailor,cloth,cobbler,lace,3.4,Common,Indefinite,Cross-domain,hard
tailor,cloth,painter,stone,2.0,Common,Indefinite,Intra-domain,hard
tailor,cloth,plumber,needle,1.7,Common,Indefinite,Cross-domain,hard
carpenter,saw,tailor,needle,5.0,Common,Indefinite,Cross-domain,advanced
carpenter,saw,gardener,shear,5.0,Common,Definite,Intra-domain,advanced
carpenter,saw,plumber,wrench,4.5,Common,Indefinite,Intra-domain,advanced
carpenter,saw,electrician,plier,4.4,Common,Indefinite,Intra-domain,advanced
carpenter,saw,cobbler,chisel,3.8,Common,Indefinite,Intra-domain,advanced
carpenter,saw,potter,silk,1.0,Common,Indefinite,Intra-domain,advanced
elephant,ivory,fox,fur,5.0,Common,Definite,Intra-domain,advanced
elephant,ivory,sheep,wool,5.0,Common,Definite,Intra-domain,advanced
elephant,ivory,snake,skin,4.2,Common,Definite,Intra-domain,advanced
elephant,ivory,cow,milk,3.8,Common,Definite,Intra-domain,advanced
elephant,ivory,cow,manure,2.7,Common,Indefinite,Intra-domain,advanced
elephant,ivory,duck,milk,2.0,Common,Indefinite,Intra-domain,advanced
elephant,ivory,goat,egg,1.2,Common,Indefinite,Intra-domain,advanced
hair,comb,teeth,toothbrush,5.0,Common,Definite,Intra-domain,hard
hair,comb,nail,filer,4.6,Common,Definite,Intra-domain,hard
hair,comb,eyelash,brush,4.5,Common,Indefinite,Intra-domain,hard
hair,comb,eye,liner,3.95,Common,Indefinite,Intra-domain,hard
hair,comb,lip,pencil,3.0,Common,Indefinite,Intra-domain,hard
hair,comb,nose,comb,1.8,Unc,Indefinite,Cross-domain,hard
hair,comb,hand,lipstick,1.0,Common,Indefinite,Cross-domain,hard
drawer,handle,door,knob,5.0,Common,Definite,Intra-domain,hard
drawer,handle,gate,bolt,4.4,Common,Indefinite,Intra-domain,hard
drawer,handle,window,pull,4.2,Common,Indefinite,Intra-domain,hard
drawer,handle,suitcase,zip,4.0,Common,Indefinite,Intra-domain,hard
drawer,handle,door,handle,3.0,Common,Indefinite,Intra-domain,hard
drawer,handle,cupboard,hinge,2.0,Common,Indefinite,Intra-domain,hard
day,week,week,month,5.0,Common,Definite,Intra-domain,easy
day,week,minute,hour,5.0,Common,Definite,Intra-domain,easy
day,week,month,year,4.8,Common,Definite,Intra-domain,easy
day,week,second,minute,4.6,Common,Definite,Intra-domain,easy
day,week,second,hour,3.8,Common,Definite,Intra-domain,easy
day,week,weekend,week,1.8,Common,Indefinite,Intra-domain,easy
needle,sew,scissor,cut,5.0,Common,Definite,Intra-domain,hard
needle,sew,brush,paint,5.0,Common,Definite,Intra-domain,hard
needle,sew,stapler,staple,5.0,Common,Definite,Intra-domain,hard
needle,sew,eraser,erase,4.8,Common,Definite,Intra-domain,hard
needle,sew,glue,paste,4.8,Common,Definite,Intra-domain,hard
needle,sew,thread,join,2.6,Common,Definite,Intra-domain,hard
needle,sew,pencil,sharp,1.5,Common,Indefinite,Cross-domain,hard
shard,glass,splinter,wood,5.0,Unc,Indefinite,Intra-domain,hard
shard,glass,potsherd,pottery,5.0,Unc,Indefinite,Intra-domain,hard
shard,glass,chads,paper,4.8,Unc,Definite,Cross-domain,hard
shard,glass,sediment,rock,4.6,Unc,Definite,Intra-domain,hard
shard,glass,rag,cloth,4.0,Unc,Definite,Intra-domain,hard
shard,glass,pyroclastic,lava,3.2,Unc,Indefinite,Cross-domain,hard
shard,glass,piece,stone,2.0,Common,Definite,Cross-domain,hard
silk,smooth,cotton,soft,4.8,Common,Definite,Intra-domain,hard
silk,smooth,polyester,satiny,4.0,Common,Indefinite,Intra-domain,hard
silk,smooth,jute,itchy,3.8,Common,Definite,Intra-domain,hard
silk,smooth,nylon,soft,3.6,Common,Definite,Intra-domain,hard
silk,smooth,wool,spongy,3.4,Common,Indefinite,Intra-domain,hard
silk,smooth,denim,greasy,2.0,Common,Indefinite,Intra-domain,hard
silk,smooth,viscose,harsh,1.0,Common,Indefinite,Intra-domain,hard
painter,painting,sculptor,sculpture,5.0,Common,Definite,Intra-domain,medium
painter,painting,poet,poem,5.0,Common,Definite,Intra-domain,medium
painter,painting,composer,music,4.8,Common,Definite,Intra-domain,medium
painter,painting,programmer,software,4.6,Common,Definite,Intra-domain,medium
painter,painting,tailor,clothes,4.2,Common,Indefinite,Cross-domain,medium
painter,painting,farmer,grains,3.0,Common,Indefinite,Intra-domain,medium
painter,painting,farmer,photograph,1.3,Common,Indefinite,Cross-domain,medium
painter,painting,pilot,song,1.0,Common,Definite,Cross-domain,medium
square,cube,circle,sphere,5.0,Common,Definite,Intra-domain,advanced
square,cube,triangle,pyramid,4.8,Common,Definite,Intra-domain,advanced
square,cube,rectangle,cuboid,4.0,Common,Definite,Intra-domain,advanced
square,cube,pentagon,polygon,2.0,Common,Definite,Intra-domain,advanced
square,cube,oval,hexagon,1.0,Common,Definite,Intra-domain,advanced
paper,wood,glass,sand,5.0,Common,Definite,Intra-domain,advanced
paper,wood,diamond,carbon,5.0,Common,Definite,Cross-domain,advanced
paper,wood,graphite,carbon,4.6,Common,Definite,Intra-domain,advanced
paper,wood,marble,limestone,4.0,Common,Definite,Intra-domain,advanced
paper,wood,plastic,polymer,3.8,Common,Indefinite,Intra-domain,advanced
paper,wood,wood,tree,2.0,Common,Indefinite,Intra-domain,advanced
paper,wood,jute,fruit,1.0,Common,Indefinite,Intra-domain,advanced
saturn,titan,neptune,triton,5.0,Unc,Definite,Intra-domain,hard
saturn,titan,mars,phobos,4.8,Unc,Definite,Intra-domain,hard
saturn,titan,jupiter,europa,4.2,Unc,Definite,Intra-domain,hard
saturn,titan,uranus,neso,4.0,Common,Definite,Intra-domain,hard
saturn,titan,earth,luna,4.0,Unc,Definite,Intra-domain,hard
saturn,titan,pluto,charon,3.2,Unc,Indefinite,Intra-domain,hard
saturn,titan,mercury,sun,2.0,Common,Definite,Intra-domain,hard
camera,photograph,calculator,computation,5.0,Common,Definite,Cross-domain,easy
camera,photograph,torch,light,5.0,Common,Definite,Cross-domain,easy
camera,photograph,phone,call,4.4,Common,Definite,Intra-domain,easy
camera,photograph,keyboard,type,4.0,Common,Definite,Intra-domain,easy
camera,photograph,heater,heat,3.8,Common,Definite,Cross-domain,easy
camera,photograph,fan,air,3.2,Common,Indefinite,Intra-domain,easy
camera,photograph,dryer,wind,2.5,Common,Indefinite,Cross-domain,easy
camera,photograph,bottle,eat,1.2,Common,Indefinite,Cross-domain,easy
row,boat,pedal,bicycle,5.0,Common,Definite,Intra-domain,easy
row,boat,accelerate,car,4.6,Common,Indefinite,Intra-domain,easy
row,boat,accelerate,train,4.0,Common,Definite,Intra-domain,easy
row,boat,thrust,airplane,3.8,Common,Definite,Intra-domain,easy
row,boat,push,rocket,1.2,Common,Definite,Intra-domain,easy
whale,ocean,lion,jungle,5.0,Common,Definite,Intra-domain,easy
whale,ocean,monkey,tree,4.8,Common,Definite,Intra-domain,easy
whale,ocean,crow,nest,4.8,Common,Definite,Intra-domain,easy
whale,ocean,frog,lake,4.6,Common,Definite,Intra-domain,easy
whale,ocean,camel,desert,4.6,Common,Definite,Intra-domain,easy
whale,ocean,cow,farm,4.2,Common,Indefinite,Intra-domain,easy
whale,ocean,pig,sea,1.4,Common,Indefinite,Intra-domain,easy
pentagon,five,triangle,three,5.0,Common,Definite,Intra-domain,easy
pentagon,five,quadrilateral,four,5.0,Common,Definite,Intra-domain,easy
pentagon,five,hexagon,six,4.9,Common,Definite,Intra-domain,easy
pentagon,five,cube,eight,3.0,Common,Indefinite,Intra-domain,easy
pentagon,five,polygon,seven,2.0,Common,Indefinite,Intra-domain,easy
chair,wood,omlette,egg,5.0,Common,Indefinite,Cross-domain,easy
chair,wood,bottle,plastic,4.8,Common,Indefinite,Cross-domain,easy
chair,wood,shirt,cotton,4.2,Common,Indefinite,Intra-domain,easy
chair,wood,necklace,gold,4.0,Common,Indefinite,Intra-domain,easy
chair,wood,floor,marble,4.0,Common,Indefinite,Cross-domain,easy
chair,wood,door,glass,3.4,Common,Indefinite,Cross-domain,easy
chair,wood,table,stone,2.4,Common,Indefinite,Intra-domain,easy
chair,wood,fruit,charcoal,1.8,Common,Indefinite,Cross-domain,easy
car,road,boat,lake,5.0,Common,Definite,Intra-domain,easy
car,road,train,track,5.0,Common,Definite,Intra-domain,easy
car,road,airplane,sky,4.8,Common,Definite,Intra-domain,easy
car,road,rocket,space,4.8,Common,Definite,Intra-domain,easy
car,road,cycle,water,1.6,Common,Indefinite,Cross-domain,easy
car,road,scooter,galaxy,1.2,Common,Indefinite,Cross-domain,easy
city,state,state,country,5.0,Common,Definite,Intra-domain,easy
city,state,lane,city,4.8,Common,Indefinite,Intra-domain,easy
city,state,country,continent,4.2,Common,Definite,Intra-domain,easy
city,state,road,country,2.2,Common,Indefinite,Cross-domain,easy
city,state,street,galaxy,1.8,Common,Indefinite,Cross-domain,easy
corn,husk,pea,pod,5.0,Unc,Definite,Intra-domain,advanced
corn,husk,pineapple,rind,5.0,Unc,Definite,Intra-domain,advanced
corn,husk,egg,shell,4.0,Common,Definite,Intra-domain,advanced
corn,husk,banana,peel,3.93,Common,Definite,Intra-domain,advanced
corn,husk,cauliflower,leaf,3.8,Common,Definite,Intra-domain,advanced
corn,husk,carrot,cover,2.6,Common,Indefinite,Intra-domain,advanced
corn,husk,apple,wax,1.8,Common,Definite,Intra-domain,advanced
letter,word,chapter,book,5.0,Common,Definite,Intra-domain,easy
letter,word,sentence,paragraph,4.8,Common,Definite,Intra-domain,easy
letter,word,paragraph,chapter,4.8,Common,Definite,Intra-domain,easy
letter,word,word,sentence,4.6,Common,Definite,Intra-domain,easy
letter,word,index,comic,2.6,Common,Indefinite,Intra-domain,easy
letter,word,alphabet,magazine,2.2,Common,Indefinite,Intra-domain,easy
saw,cut,hammer,pound,5.0,Common,Indefinite,Intra-domain,easy
saw,cut,screwdriver,screw,4.8,Common,Definite,Intra-domain,easy
saw,cut,chisel,carve,4.6,Common,Definite,Intra-domain,easy
saw,cut,wrench,rotate,4.6,Common,Indefinite,Intra-domain,easy
saw,cut,level,measure,4.0,Common,Definite,Intra-domain,easy
saw,cut,jack,raise,3.0,Common,Definite,Intra-domain,easy
saw,cut,reamer,punch,1.2,Common,Definite,Intra-domain,easy
pencil,write,eraser,erase,5.0,Common,Definite,Intra-domain,easy
pencil,write,sharpner,sharpen,4.6,Common,Indefinite,Intra-domain,easy
pencil,write,scale,measure,4.0,Common,Definite,Intra-domain,easy
pencil,write,crayon,color,4.0,Common,Definite,Intra-domain,easy
pencil,write,spoon,stir,3.6,Common,Indefinite,Intra-domain,easy
pencil,write,brush,paint,3.0,Common,Definite,Intra-domain,easy
pencil,write,spatula,flip,2.2,Common,Definite,Cross-domain,easy
pencil,write,bowl,wash,1.0,Common,Indefinite,Intra-domain,easy
clock,time,thermometer,temperature,5.0,Common,Definite,Intra-domain,easy
clock,time,voltmeter,voltage,5.0,Unc,Definite,Intra-domain,easy
clock,time,ammeter,current,4.67,Unc,Definite,Cross-domain,easy
clock,time,scale,weight,4.2,Common,Definite,Intra-domain,easy
clock,time,calendar,event,4.2,Common,Definite,Intra-domain,easy
clock,time,televison,news,3.8,Common,Indefinite,Cross-domain,easy
clock,time,watch,resistance,2.4,Common,Indefinite,Cross-domain,easy
pilot,fly,sailor,sail,5.0,Common,Definite,Intra-domain,easy
pilot,fly,driver,drive,4.6,Common,Definite,Intra-domain,easy
pilot,fly,athlete,jump,4.1,Common,Definite,Cross-domain,easy
pilot,fly,cyclist,cycle,4.0,Common,Definite,Intra-domain,easy
pilot,fly,astronaut,run,2.0,Common,Indefinite,Intra-domain,easy
chimney,smoke,faucet,water,5.0,Common,Definite,Intra-domain,easy
chimney,smoke,stove,fire,5.0,Common,Indefinite,Intra-domain,easy
chimney,smoke,gun,bullet,4.5,Common,Definite,Cross-domain,easy
chimney,smoke,flute,sound,4.0,Common,Definite,Intra-domain,easy
chimney,smoke,lighter,spark,3.0,Common,Definite,Cross-domain,easy
chimney,smoke,pipe,wind,2.2,Common,Indefinite,Cross-domain,easy
chimney,smoke,phone,storm,1.0,Common,Definite,Cross-domain,easy
stomach,digest,lung,breathe,5.0,Common,Definite,Intra-domain,hard
stomach,digest,heart,pump,4.8,Common,Indefinite,Intra-domain,hard
stomach,digest,brain,think,4.2,Common,Definite,Intra-domain,hard
stomach,digest,kidney,waste,4.0,Common,Indefinite,Intra-domain,hard
stomach,digest,muscle,move,3.8,Common,Indefinite,Intra-domain,hard
stomach,digest,skin,fat,1.8,Common,Indefinite,Intra-domain,hard
summer,plums,spring,mango,5.0,Common,Definite,Intra-domain,hard
summer,plums,fall,grapes,4.2,Common,Indefinite,Intra-domain,hard
summer,plums,winter,guava,3.8,Common,Definite,Intra-domain,hard
summer,plums,rainy,lychee,3.0,Common,Indefinite,Intra-domain,hard
summer,plums,monsoon,apples,2.6,Common,Definite,Intra-domain,hard
summer,cucumber,spring,asparagus,5.0,Common,Definite,Intra-domain,hard
summer,cucumber,fall,cauliflower,5.0,Common,Indefinite,Intra-domain,hard
summer,cucumber,winter,carrot,4.6,Common,Indefinite,Intra-domain,hard
summer,cucumber,rainy,pear,3.4,Common,Definite,Intra-domain,hard
summer,cucumber,monsoon,broccoli,1.4,Common,Indefinite,Intra-domain,hard
wool,sheep,silk,silkworm,5.0,Common,Definite,Intra-domain,easy
wool,sheep,cotton,plant,4.8,Common,Indefinite,Intra-domain,easy
wool,sheep,fur,fox,4.4,Common,Indefinite,Intra-domain,easy
wool,sheep,polyester,chemical,4.2,Common,Definite,Intra-domain,easy
wool,sheep,leather,alligator,4.0,Common,Definite,Intra-domain,easy
wool,sheep,denim,rat,1.0,Unc,Indefinite,Intra-domain,easy
earthquake,tsunami,rain,flood,5.0,Common,Indefinite,Intra-domain,hard
earthquake,tsunami,storm,hurricane,4.0,Common,Definite,Intra-domain,hard
earthquake,tsunami,earthquake,volcano,3.8,Common,Indefinite,Intra-domain,hard
earthquake,tsunami,cloud,storm,3.0,Common,Indefinite,Intra-domain,hard
earthquake,tsunami,hill,lightening,1.2,Common,Indefinite,Intra-domain,hard
lick,taste,sniff,smell,5.0,Common,Definite,Intra-domain,easy
lick,taste,touch,feel,4.6,Common,Definite,Intra-domain,easy
lick,taste,strain,see,3.0,Common,Indefinite,Intra-domain,easy
lick,taste,walk,hear,1.8,Common,Indefinite,Intra-domain,easy
lick,taste,swallow,run,1.0,Common,Indefinite,Cross-domain,easy
selfish,compassion,hasty,patience,5.0,Common,Indefinite,Intra-domain,advanced
selfish,compassion,miserly,generosity,5.0,Common,Definite,Intra-domain,advanced
selfish,compassion,childish,maturity,4.6,Common,Indefinite,Intra-domain,advanced
selfish,compassion,foolish,sagacity,3.6,Common,Indefinite,Intra-domain,advanced
selfish,compassion,bookish,frazzled,2.4,Common,Indefinite,Intra-domain,advanced
selfish,compassion,jumpy,nerd,1.0,Common,Indefinite,Intra-domain,advanced
lemon,sour,candy,sweet,5.0,Common,Indefinite,Intra-domain,medium
lemon,sour,salsa,spicy,4.8,Common,Definite,Intra-domain,medium
lemon,sour,fries,salty,4.0,Common,Definite,Intra-domain,medium
lemon,sour,mocktail,fruity,4.0,Common,Indefinite,Intra-domain,medium
lemon,sour,berry,bitter,2.8,Common,Definite,Intra-domain,medium
lemon,sour,crisps,icy,1.2,Common,Indefinite,Intra-domain,medium
lemon,sour,banana,chilli,1.0,Common,Definite,Intra-domain,medium
cheerleader,squad,musician,band,5.0,Common,Definite,Intra-domain,advanced
cheerleader,squad,computer,network,4.6,Common,Indefinite,Cross-domain,advanced
cheerleader,squad,tree,orchard,4.0,Common,Definite,Cross-domain,advanced
cheerleader,squad,vine,vineyard,3.2,Common,Indefinite,Cross-domain,advanced
cheerleader,squad,athlete,team,2.0,Common,Definite,Intra-domain,advanced
cheerleader,squad,minister,house,1.0,Common,Indefinite,Cross-domain,advanced
cheerleader,squad,queen,beach,1.0,Common,Indefinite,Cross-domain,advanced
water,flow,smoke,billow,5.0,Common,Definite,Intra-domain,hard
water,flow,ball,bounce,4.8,Common,Indefinite,Cross-domain,hard
water,flow,clock,tick,4.6,Common,Definite,Cross-domain,hard
water,flow,hail,pelt,4.4,Common,Indefinite,Intra-domain,hard
water,flow,fire,rise,3.2,Common,Definite,Intra-domain,hard
water,flow,door,creak,3.1,Common,Indefinite,Cross-domain,hard
water,flow,snow,fall,3.0,Common,Definite,Intra-domain,hard
water,flow,anchor,sink,2.0,Common,Definite,Intra-domain,hard
water,flow,rain,sit,1.8,Common,Indefinite,Intra-domain,hard
mountain,range,island,archipelago,5.0,Unc,Definite,Intra-domain,advanced
mountain,range,tree,grove,5.0,Unc,Definite,Intra-domain,advanced
mountain,range,squid,shoal,4.4,Unc,Definite,Intra-domain,advanced
mountain,range,burrow,warren,4.0,Unc,Definite,Intra-domain,advanced
mountain,range,whale,pod,3.2,Unc,Indefinite,Cross-domain,advanced
mountain,range,file,pile,2.0,Common,Indefinite,Cross-domain,advanced
mountain,range,stone,handle,1.0,Common,Indefinite,Cross-domain,advanced
kilometer,meter,kilogram,gram,5.0,Common,Definite,Intra-domain,advanced
kilometer,meter,gram,milligram,5.0,Common,Definite,Intra-domain,advanced
kilometer,meter,feet,inch,5.0,Common,Definite,Intra-domain,advanced
kilometer,meter,meter,millimeter,4.6,Common,Definite,Intra-domain,advanced
kilometer,meter,liter,milliliter,3.0,Common,Definite,Intra-domain,advanced
kilometer,meter,yard,angle,1.0,Common,Indefinite,Intra-domain,advanced
cat,meow,sheep,bleat,5.0,Common,Definite,Intra-domain,medium
cat,meow,cow,moo,5.0,Common,Definite,Intra-domain,medium
cat,meow,snake,hiss,4.8,Common,Definite,Intra-domain,medium
cat,meow,pigs,oink,4.8,Common,Definite,Intra-domain,medium
cat,meow,elephant,trumpet,4.8,Common,Definite,Intra-domain,medium
cat,meow,tiger,growl,4.4,Common,Indefinite,Intra-domain,medium
cat,meow,crow,caw,4.2,Common,Definite,Intra-domain,medium
cat,meow,bark,dog,4.2,Common,Definite,Intra-domain,medium
cat,meow,roar,lion,4.0,Common,Definite,Intra-domain,medium
cat,meow,chicken,cluck,3.0,Common,Definite,Intra-domain,medium
cat,meow,eagle,scream,2.0,Common,Definite,Intra-domain,medium
cat,meow,snake,oink,1.8,Common,Definite,Intra-domain,medium
slay,dragon,row,boat,5.0,Common,Indefinite,Cross-domain,advanced
slay,dragon,marinate,food,4.2,Common,Definite,Cross-domain,advanced
slay,dragon,sweep,floor,4.0,Common,Indefinite,Cross-domain,advanced
slay,dragon,charity,donate,3.0,Common,Indefinite,Cross-domain,advanced
slay,dragon,polish,blanket,2.0,Common,Definite,Cross-domain,advanced
slay,dragon,tie,wind,1.8,Common,Indefinite,Cross-domain,advanced
slay,dragon,fasten,book,1.0,Common,Indefinite,Cross-domain,advanced
hatchback,cruze,sedan,impala,5.0,Unc,Indefinite,Intra-domain,advanced
hatchback,cruze,suv,tahoe,5.0,Unc,Indefinite,Intra-domain,advanced
hatchback,cruze,coupe,camara,4.8,Unc,Indefinite,Intra-domain,advanced
hatchback,cruze,economy,captiva,3.4,Common,Indefinite,Intra-domain,advanced
hatchback,cruze,family,limousine,1.8,Common,Indefinite,Intra-domain,advanced
library,books,wallet,money,5.0,Common,Definite,Intra-domain,easy
library,books,laboratory,equipments,4.4,Common,Definite,Intra-domain,easy
library,books,fort,soldiers,4.4,Common,Definite,Cross-domain,easy
library,books,hive,bees,4.0,Common,Definite,Cross-domain,easy
library,books,school,pencils,3.4,Common,Indefinite,Intra-domain,easy
library,books,bank,clothes,1.0,Common,Indefinite,Cross-domain,easy
floor,building,page,book,5.0,Common,Definite,Cross-domain,easy
floor,building,tree,forest,5.0,Common,Definite,Cross-domain,easy
floor,building,room,house,4.2,Common,Indefinite,Intra-domain,easy
floor,building,flower,boquet,3.8,Common,Indefinite,Cross-domain,easy
floor,building,bone,body,3.6,Common,Indefinite,Cross-domain,easy
floor,building,chair,park,1.0,Common,Indefinite,Cross-domain,easy
mountains,cool,poles,icy,5.0,Common,Indefinite,Cross-domain,easy
mountains,cool,beach,warm,4.2,Common,Indefinite,Intra-domain,easy
mountains,cool,night,dark,4.0,Common,Definite,Cross-domain,easy
mountains,cool,equator,hot,4.0,Common,Indefinite,Intra-domain,easy
mountains,cool,day,light,3.0,Common,Indefinite,Cross-domain,easy
mountains,cool,graveyard,windy,2.2,Common,Indefinite,Cross-domain,easy
mountains,cool,noon,chilly,1.4,Common,Indefinite,Cross-domain,easy
gold,malleable,platinum,ductile,5.0,Unc,Definite,Intra-domain,advanced
gold,malleable,manganese,brittle,5.0,Unc,Definite,Intra-domain,advanced
gold,malleable,cobalt,tough,4.6,Unc,Definite,Intra-domain,advanced
gold,malleable,silver,shiny,2.6,Common,Indefinite,Intra-domain,advanced
gold,malleable,aluminium,hard,2.0,Common,Definite,Intra-domain,advanced
bronze,gear,lead,battery,5.0,Common,Indefinite,Intra-domain,advanced
bronze,gear,brass,screw,4.4,Unc,Indefinite,Intra-domain,advanced
bronze,gear,steel,needles,3.4,Unc,Indefinite,Intra-domain,advanced
bronze,gear,aluminium,foil,2.9,Common,Indefinite,Intra-domain,advanced
bronze,gear,iron,plastic,1.0,Common,Indefinite,Cross-domain,advanced
barite,glass,diatomite,fillers,5.0,Unc,Definite,Intra-domain,advanced
barite,glass,feldspar,ceramic,5.0,Unc,Indefinite,Intra-domain,advanced
barite,glass,gypsum,cement,4.6,Unc,Definite,Intra-domain,advanced
barite,glass,mica,plastic,4.0,Unc,Indefinite,Intra-domain,advanced
barite,glass,silica,rubber,3.8,Unc,Indefinite,Intra-domain,advanced
barite,glass,kaolin,plastic,3.0,Unc,Indefinite,Intra-domain,advanced
barite,glass,talc,paper,2.8,Unc,Indefinite,Cross-domain,advanced
barite,glass,calcium,engine,2.0,Unc,Indefinite,Intra-domain,advanced
barite,glass,mica,mice,1.1,Unc,Indefinite,Cross-domain,advanced
